"","feature1","feature2","classification"
"1010",12.238014852325,104.393376248834,2
"1317",22.6109257619936,113.836802861873,2
"1537",18.4618285804574,109.87456697694,2
"450",6.52114832223797,63.8633751904056,1
"1976",6.51569541539553,118.623042435484,2
"811",0.798159681525632,55.9150199944755,1
"380",3.40682084964962,63.5856820081843,1
"1696",10.3859652727619,121.441042233524,2
"1401",13.7574195559353,104.560976238565,2
"164",32.4406900850435,111.614023319384,1
"1150",12.8158686633423,110.084269945274,2
"107",14.3410663438644,70.4359982779509,1
"1901",12.9929436436969,90.906359338099,2
"1404",13.0415088536036,105.846673003245,2
"389",10.161126101193,77.0856479195452,1
"1488",14.3315125394581,107.461309999186,2
"1087",11.635969510526,95.0686210543433,2
"1806",10.5765186572067,107.351236323842,2
"579",7.22747396776148,65.1103986338215,1
"1939",20.5037224287285,105.05754644819,2
"754",20.0665926808011,79.9916331360108,1
"564",20.9143822246565,95.5842854764354,1
"1410",14.1372892254979,112.356067258589,2
"1333",13.1904796816685,110.151595694526,2
"1577",13.2887094745433,102.871821891014,2
"1600",17.2684775197442,118.141248946668,2
"505",3.12673283771595,67.2872442976691,1
"1457",14.2975115837778,118.307279540604,2
"462",10.6021406247789,77.9509868499949,1
"414",11.5192618996346,80.3125068169309,1
"788",1.07115290741619,62.7141063223426,1
"1605",4.81151769524163,96.2931871254431,2
"511",15.3262544115392,78.5952096167278,1
"1731",29.2136435293704,123.898288945283,2
"1860",16.9214687904902,117.686912649996,2
"786",7.98980503805837,76.2596859042758,1
"1094",14.7863315345881,104.192745375923,2
"705",1.52904648840992,69.9674019720456,1
"1364",11.572887927928,105.402429464934,2
"178",16.6674524864363,83.0302872473173,1
"1413",12.2860829026167,111.800657885832,2
"463",15.9656443995486,86.0340911818812,1
"1097",11.9804083091375,99.4359752404458,2
"1504",13.1689372517764,104.233485323867,2
"932",3.80280266573687,69.0343690868738,1
"1920",16.5850047039135,121.97882243783,2
"1962",18.4598099045454,111.599888717798,2
"1632",10.9622489636697,112.481586342485,2
"1145",20.8225137959119,108.93164382825,2
"1657",16.2060247695187,110.331722048699,2
"1448",8.14206824901803,108.048879989601,2
"1198",10.1853555554992,100.912710039202,2
"1532",15.7095378252284,109.104829714267,2
"489",15.7617314436764,100.146701760629,1
"1065",8.0866741388631,115.984443991235,2
"1519",20.5901079046285,116.969128474113,2
"155",9.44838791454177,81.4619426323335,1
"921",21.0405866077037,71.5364104696603,1
"719",11.2540924255814,86.7203616543478,1
"85",11.5202650446238,79.0766228673624,1
"995",21.148821313742,80.6666505446051,1
"415",11.7444061287082,76.5158626921179,1
"910",11.3707629360894,85.2317719469145,1
"1471",8.9437449995639,96.4609975225687,2
"131",20.8681338895718,95.110237077348,1
"1379",16.2386353266993,119.136438184687,2
"602",12.5469681180506,80.9673153518913,1
"1964",20.3175189083644,133.114440064296,2
"863",12.6334537595726,63.7115026610971,1
"1157",-0.638851071293441,89.8601111538979,2
"526",17.161248239429,85.7927090538168,1
"1648",11.1587875806651,99.7536219432608,2
"1177",14.9281841764179,108.006873412017,2
"1059",21.4806381770851,109.292186486665,2
"1247",14.5714269363645,115.60188208196,2
"659",15.9184477274933,89.2248342156762,1
"223",28.4473445615822,86.8252602949224,1
"1747",12.5533141876056,109.630582847934,2
"665",5.52360997031103,56.656613604404,1
"764",6.22774117809672,63.3163949714197,1
"365",23.4065151041441,85.8314554046979,1
"1687",13.7391519828057,104.007809891424,2
"1817",13.7536098219881,108.957544836222,2
"1606",21.7329782735436,130.674674151524,2
"208",7.97721864857754,76.2459557468172,1
"1529",20.0804490480628,111.647925314943,2
"1047",15.9599009738284,108.72925711331,2
"1799",18.375542480429,110.35772371269,2
"1545",8.73386973096371,99.3399988630413,2
"78",9.75976010695427,67.3816804865454,1
"545",18.9750012677764,88.8185004054749,1
"1844",7.24438312915568,106.849380354772,2
"596",8.46717279813563,68.892164392174,1
"3",23.256052576135,95.2745516906357,1
"1704",16.3663337281385,109.075357409342,2
"1267",9.99615971487537,117.434439044398,2
"306",14.4601599833062,84.473102691037,1
"194",9.7430090988063,71.5012424207561,1
"1060",18.0201474625591,111.372864716384,2
"1877",22.8693473214829,112.171676526985,2
"86",20.3445018238441,81.3315142995142,1
"1462",8.08825468715222,107.177069741441,2
"748",13.7292184515805,74.5818586011751,1
"465",7.76596953909966,70.0650263782336,1
"1521",26.5807097900396,119.506509698919,2
"1176",16.6002252216022,102.903759861484,2
"1339",12.2258775604909,109.236128788133,2
"175",11.4552252681375,72.5309057725303,1
"1151",17.4862154233409,114.96041068517,2
"221",10.5072212043757,75.1527575409859,1
"1107",14.4401479955729,107.145483074484,2
"1757",7.69103829997059,101.927641115949,2
"503",23.5700759403178,88.3860583474792,1
"301",13.8777462599635,71.5640879565655,1
"1922",10.932419328346,100.30023709595,2
"1314",5.95260863122065,99.305131000479,2
"1797",13.0830341956773,102.745928599593,2
"1873",10.0388978125143,114.861583371795,2
"1882",16.3293065963632,106.384870521472,2
"518",14.2294459416529,84.3292094731474,1
"106",15.7269926860406,79.0420353375188,1
"251",9.3264053422752,78.2909680427325,1
"1215",15.2343335144789,118.279980668515,2
"1399",20.7325682515402,124.37377826395,2
"1711",9.85035622391631,104.324012284124,2
"1102",22.2839014414861,111.001578846529,2
"1190",18.7751857732735,112.192386961516,2
"1354",9.66822733100681,98.7438846018994,2
"1703",3.3333295365581,95.4092737053584,2
"1739",16.2267724480462,106.738414943202,2
"192",6.03078498182415,80.6980263876966,1
"1034",24.7698754669047,115.145425616444,2
"1708",13.2290211689501,104.583454903177,2
"1661",21.9481185152595,114.54202274103,2
"1006",11.8976642314528,103.886887143449,2
"1095",16.2326785554363,105.740758439254,2
"1859",8.90930609818477,104.387759842195,2
"207",14.3318413379103,70.3942093675668,1
"171",12.5131417314321,78.6097623798709,1
"1459",17.1391328531564,114.458732448403,2
"150",7.16920686389488,67.9302927513853,1
"1849",2.88311637423816,108.354149666013,2
"866",24.6933216994389,107.067774076287,1
"671",14.090369651009,73.9425176759186,1
"607",2.82904811424067,78.2162640449009,1
"1643",16.1950590335312,98.9461241741488,2
"1803",4.84114675861952,97.3578156146369,2
"1871",24.6035087731223,135.92778316685,2
"27",13.5871676362627,91.3409071031403,1
"228",7.14534688469328,75.1421938718407,1
"1155",18.506317852503,113.848797209829,2
"938",6.95208083558372,75.200706144651,1
"142",14.7792474704137,76.8054835508392,1
"1778",19.0190159509271,114.639894173925,2
"689",18.0349336290228,74.3160654717931,1
"1858",17.303796164459,115.67432099925,2
"1421",1.89753084414251,96.6417203851655,2
"1039",17.0413670090498,122.668583105501,2
"1503",17.9238546391397,99.5342120483466,2
"1219",11.9884099344696,109.871389283945,2
"1406",16.988999311109,112.174891742962,2
"542",11.5544921946234,75.9223257356737,1
"915",17.6014578518741,86.0598562437589,1
"427",27.6154043947697,103.538372046594,1
"283",17.2708978859304,83.6617952360626,1
"418",17.6709334204137,84.0068694476634,1
"1040",13.9497553242297,106.616652263667,2
"420",9.80121859264123,75.7667969503463,1
"396",27.204544689532,92.4689304762785,1
"466",22.0699656740255,91.5038028965175,1
"263",16.171796800282,79.9686326554598,1
"792",13.9548756729615,69.0171431245528,1
"1473",22.3437249093864,120.847436694399,2
"1966",12.1154603422006,99.0821730664117,2
"704",9.05167734818327,84.6850150370761,1
"1994",17.3312956852255,110.576927358252,2
"1069",1.56711367669848,91.1156516719446,2
"793",14.1531205740621,91.6566146547555,1
"1619",17.1466972390409,118.246068360574,2
"1805",17.5230463533593,113.676571808724,2
"966",12.0036793107277,82.4850237727102,1
"1452",20.0884784673351,128.934282768802,2
"524",14.6609015344855,76.6951292325,1
"1253",4.67195654151854,97.6776102677912,2
"972",6.59757886529826,57.8233775046106,1
"1929",3.20206883133978,92.1066738357781,2
"947",13.8078796949131,72.2664802290528,1
"844",12.0710939579558,82.3791698908683,1
"1639",19.5549004563744,111.58603480059,2
"1655",18.4519518584284,112.86400216665,2
"1447",12.9815991003787,102.305354850967,2
"1183",6.24870331606308,110.794232724618,2
"1206",10.1263125368516,104.286389769108,2
"1769",16.0777774726478,114.684787621425,2
"1789",19.8688746117089,119.156447526595,2
"490",9.58763910672655,78.0835180568331,1
"491",11.7425080536697,80.4068567992042,1
"949",15.0290288052782,76.5445775171546,1
"1546",8.53154544654628,105.500919491045,2
"7",16.5442327473269,84.9968664461746,1
"1234",19.9875828668633,119.210807086543,2
"393",15.9289038242995,90.6746812875183,1
"692",27.4002551550645,88.3627589937182,1
"1625",14.401514570099,116.569578151261,2
"1862",18.3402456292794,111.719456106172,2
"1603",7.86569743919463,98.6293385640021,2
"1372",13.2297233312969,101.971860214927,2
"529",17.8586299135333,83.6536117336836,1
"1673",7.54271237100335,101.658689287979,2
"653",13.2393049629094,88.6337406901863,1
"201",24.3769516696609,102.761851830194,1
"1434",13.434739976645,111.598958414711,2
"169",22.2497766232501,82.6501838151936,1
"1104",18.5828297993675,106.307244035015,2
"890",19.7404239769182,82.4572553369245,1
"737",15.3724417900623,87.6595772313532,1
"325",11.5216790923726,75.2549531408554,1
"1149",10.1325082618884,99.2266199544235,2
"1362",21.3934258294896,116.684635957449,2
"1675",5.5802084781457,104.943714132644,2
"1995",9.83044320889505,102.872800524648,2
"1263",10.0019326618371,102.893253072393,2
"927",13.8338235275381,79.4177079003273,1
"274",8.65071571166928,65.7698368366959,1
"818",17.533873487731,93.989288789413,1
"1950",14.1024133062019,109.758907537576,2
"98",19.3952318007508,97.0110764469844,1
"868",22.9065112036416,90.0585519734355,1
"1781",15.5739467654792,107.457292350776,2
"391",13.3563785477723,72.7047254805615,1
"530",9.8432773785505,75.7041291457317,1
"931",16.6811909882155,81.4850013714942,1
"826",8.82716561687873,75.8255082591489,1
"1268",13.837970886704,99.9726489224514,2
"536",15.7307065187096,89.7278622028849,1
"82",15.8550920621352,84.4100842805379,1
"1235",19.003066782629,115.35811728084,2
"1644",6.54170452883035,101.126587280594,2
"512",21.6158997395734,79.1901957327656,1
"341",19.0497296675029,85.7187695680849,1
"307",8.70369787980563,57.9217088868861,1
"64",6.00014620158365,71.9476745604252,1
"875",20.8460341589448,95.6176874683457,1
"345",20.072172425559,76.6287050862633,1
"1567",19.0699501585579,108.095745153189,2
"1259",10.14809587866,98.2698020857927,2
"234",17.5372809460305,69.311370179695,1
"1642",11.9495636349879,114.884694842245,2
"372",10.9627872380204,61.3009429429944,1
"1666",11.9218752532939,110.387473721968,2
"382",14.5158959733377,82.6624954395009,1
"898",13.4771249728575,76.3620482637029,1
"1714",9.35207134469668,110.579157508505,2
"1478",15.8355856582022,104.491498957009,2
"1162",18.3414369384566,115.0802911261,2
"1574",13.7582804148953,112.909540853469,2
"681",15.7683835187104,84.4188992262595,1
"1363",22.1037093581098,126.279906097551,2
"1117",15.4490236565331,104.898060433542,2
"1948",10.4189842502145,119.673840358843,2
"1960",15.0286234104577,122.175834262725,2
"1721",21.9309539442953,123.355301949015,2
"1906",10.2642610142921,108.824915747475,2
"1358",14.8633224724744,107.220713568179,2
"1098",17.4312503882854,108.044330337085,2
"611",8.88819264998367,78.2547708249115,1
"760",11.9710292785234,79.1461489265881,1
"741",18.9513846339054,86.8758152487827,1
"1842",15.5012853371227,100.211949745926,2
"498",12.2829378283088,83.5367626143086,1
"204",20.4859609181219,83.9268336878848,1
"65",9.93803897033245,69.1678378681,1
"145",5.56188469288053,64.8169726737306,1
"1551",12.6996920118491,113.711504187774,2
"723",19.6932224544531,85.5972825318358,1
"588",12.7225816593638,71.3197298826223,1
"387",17.9215105645024,84.2006440897166,1
"103",16.9977405049807,75.8140833424463,1
"943",1.76381672674183,65.7835582985794,1
"1071",20.5803073543428,114.417054521336,2
"667",12.4085632178744,83.9839995087883,1
"1119",14.6484172774454,103.180967006333,2
"168",9.77810166039682,76.6824864390675,1
"1220",17.9968563676042,126.126457437563,2
"273",17.1381203460402,87.5014256030867,1
"8",-0.148385519310811,72.1241134794561,1
"148",14.4050627981013,89.0096895701218,1
"351",20.8497550569447,89.6923169947143,1
"905",21.8583194456415,90.0328239810724,1
"1583",11.8130583095697,118.821976552007,2
"319",19.4034072811207,98.9248918849068,1
"51",15.1656568581823,83.1118238678225,1
"42",11.7750864193467,79.0990496480748,1
"210",13.6806291863595,80.0235028486992,1
"1768",16.9864339334215,119.183044008194,2
"869",6.99430109268076,77.6233287393679,1
"856",11.8541394900438,74.0584695299628,1
"613",22.1980285066282,97.4691014653994,1
"1226",18.4209994730983,110.983227367019,2
"1547",15.2539602631554,126.501878079968,2
"722",5.17838431759166,63.4205972818199,1
"575",18.2373802426246,72.6479352533411,1
"83",12.2404987535034,76.7938414831405,1
"339",20.2843151457957,88.1103640379316,1
"1128",12.6518119138816,105.388347690823,2
"1208",5.0396319427678,108.190305317871,2
"1227",15.4463882775402,128.037159107832,2
"1323",27.6415350397606,109.613884343947,2
"894",25.4643218767924,97.5017129742799,1
"884",24.1580115331355,90.5246997299119,1
"1269",7.04004818705922,91.6931847013465,2
"1910",6.31474905801808,97.0737967425638,2
"309",24.8208830893617,90.368442071973,1
"361",7.23716861892035,81.5607461883756,1
"247",13.8253877606725,79.35289491898,1
"320",18.5228506604052,89.6293416429516,1
"1041",15.208277960634,110.469628183665,2
"1258",9.2632387283829,109.63299126527,2
"1846",19.2247672652484,116.994453896271,2
"1352",16.2661853062126,121.725352162051,2
"205",10.6052919782805,77.1171161121532,1
"1562",22.0668929775813,120.674724247825,2
"1775",11.6214002644453,106.73887462393,2
"66",20.0282238030344,81.143822590665,1
"1483",19.2714694995071,107.84872106332,2
"1638",10.3426917929455,107.124677475485,2
"589",11.840529876167,89.0565362230233,1
"1575",3.0147940123412,109.084356878447,2
"267",12.8016073086132,79.4942860691008,1
"1741",10.4085039512373,106.54356440614,2
"1143",1.19956714641123,89.555940081843,2
"156",13.1130344705103,77.4672981792148,1
"81",8.32928873744966,83.642882292846,1
"348",10.559314933465,75.1517055871207,1
"1854",14.4403964605449,119.8208586494,2
"609",7.53056213895361,80.2102578091258,1
"1690",16.8998894363929,109.345283872064,2
"1013",23.3311386723543,111.11670238627,2
"1751",14.1357605625185,96.351142404325,2
"1075",14.8228454955884,113.073314322585,2
"292",14.3035515409649,93.6914782618152,1
"1526",19.8382482618993,101.630699658662,2
"1785",19.379550862302,98.4552268119461,2
"854",10.5235938647212,67.7884317014591,1
"948",26.618818984682,99.1346333265811,1
"1481",28.3971770589439,119.244372017119,2
"1256",12.8923642194238,122.509749927593,2
"1154",25.2247821166845,126.192548067159,2
"1890",11.9573406586203,102.446939084292,2
"727",22.9535949218553,82.8673873696827,1
"1826",27.3081225250159,135.540495950802,2
"999",10.3646514087408,75.8779112389827,1
"455",21.5820943695791,88.06515567257,1
"329",23.2550188370961,92.4552655130187,1
"302",12.1750051849974,72.0022566192175,1
"1302",6.34301558518644,112.291549346012,2
"1555",24.7438674329409,116.630361482807,2
"429",23.9384437896163,95.8551457331247,1
"682",17.2441003868081,91.2072213632855,1
"1248",11.2153432583974,108.294960378137,2
"804",16.6393851157035,93.689072588612,1
"523",13.4079036447575,72.0280667994074,1
"172",10.6239577362182,83.1669130104511,1
"1560",16.0572372685381,113.450744269323,2
"62",14.515902054321,73.9126185375916,1
"1508",21.2232271360782,119.543797924229,2
"509",12.1854541905721,83.4029493119228,1
"312",20.7488776700167,86.4845495873954,1
"470",23.8330994785457,89.4861958923252,1
"1676",19.8189565207737,121.787706861626,2
"1692",24.3205649056619,125.664183755647,2
"369",17.8727098137809,89.2891224591825,1
"678",9.81294761529351,66.0008772136713,1
"1212",16.1751920208306,114.289946581557,2
"717",20.7203396135466,87.4805764712989,1
"1261",18.089209241854,107.971743332924,2
"254",14.1176084436481,81.6155957829506,1
"897",16.7982289165675,82.0830433767396,1
"233",16.7054727514189,81.7977884786252,1
"1804",27.7618054969094,127.074159266386,2
"495",14.256702328011,69.3672335659087,1
"403",9.14918120540522,75.1117167457949,1
"1334",5.08767955267784,102.512162285074,2
"1647",11.9644032196506,109.804659119603,2
"1593",25.8251609495876,131.451952691895,2
"852",9.31790665655325,81.8102335609004,1
"1569",9.92327391942367,108.267452358067,2
"206",8.63925661991671,77.3871605912645,1
"1931",16.1142081206413,119.177360478804,2
"990",18.249279293157,99.1728866501188,1
"504",16.7419717370221,88.5567954638841,1
"926",17.3782820449664,95.3768152773549,1
"855",24.521607606149,104.226438761661,1
"34",21.226685427989,87.7621069194089,1
"30",19.0533401110299,93.6716862725264,1
"860",29.8624782695088,92.5590234516474,1
"657",23.2699919402659,88.4641311792473,1
"1196",21.4378893053547,122.153634978989,2
"796",18.769813020945,88.3277085360255,1
"457",17.7797960474046,92.5397785467841,1
"527",16.1098407795386,95.0304599576586,1
"693",25.6651340127589,89.3471408605477,1
"901",4.26209831620832,72.9342134548742,1
"1437",26.2849716586606,112.348664725906,2
"544",3.80073547061859,70.8659158118503,1
"1082",7.6269587621786,100.327418161581,2
"289",20.853892273638,74.0995622108633,1
"1863",11.6722168277474,100.927999641445,2
"1827",6.15928343562963,106.2195369892,2
"1273",21.8013777260648,119.400140619927,2
"834",26.8407703304457,92.8226812873554,1
"311",17.1164857880991,95.3066292336474,1
"1011",5.80825278053604,104.357078330864,2
"1598",10.633797579003,107.132419319351,2
"913",11.9038093029211,82.9320742339468,1
"468",21.6451736861376,98.2283118956849,1
"59",13.1312934617997,82.564902611522,1
"762",24.0551518009007,82.9422642696236,1
"649",15.5432067882255,89.0688949808801,1
"242",9.52487198284977,76.5853126959034,1
"1623",24.440573254514,123.20345900515,2
"259",14.8237010197854,78.6586014073368,1
"1957",14.1817986757703,102.020375003915,2
"11",11.5941096475575,97.2880905722214,1
"1609",11.1102838642227,116.565834759332,2
"357",17.1751317278566,84.0339991586227,1
"1309",11.6543707491539,106.049313326947,2
"680",6.509898698268,75.7844054244214,1
"911",19.9260979460263,109.902420034729,1
"469",14.7387434978636,80.9629890698151,1
"143",6.49303229230896,64.6899826497338,1
"1426",9.32363525931249,104.487433405764,2
"639",21.5023622624235,84.5569695505578,1
"882",15.3707056353989,67.5212199099888,1
"1078",5.64338037809702,87.6047225010074,2
"1058",10.7509987341819,119.871706403521,2
"1810",15.366373599594,112.231144678509,2
"1053",18.8281975832022,118.489347741126,2
"1932",4.13771246758004,94.2871634293046,2
"585",12.3271065594821,68.3040894649357,1
"752",11.3200775644769,80.5833308658769,1
"374",24.3339569300283,85.4326450078729,1
"195",11.1479812579604,65.5005886535044,1
"364",17.6841044723782,91.5094534749259,1
"1763",14.4923796559126,96.2709292681701,2
"376",9.68920813869627,75.3946190009917,1
"1111",12.9033153089422,109.560295391453,2
"1412",9.84943364366287,102.441329162972,2
"553",24.4818303394994,88.9584459571157,1
"213",20.5350254702923,92.609110267799,1
"892",13.3310393653289,87.9941527383383,1
"991",22.4111085960559,84.571423115878,1
"1029",25.2609454664767,129.673363513968,2
"1553",21.9797764919814,117.141928835622,2
"1209",10.7673726421472,100.108865681005,2
"128",16.9706664006194,79.9303055327449,1
"573",13.527108948634,70.9115992900071,1
"637",9.57287479634024,81.4351181846805,1
"1660",13.662897966616,112.444254396195,2
"305",11.2079860780538,76.5062564579335,1
"801",21.4080298452132,81.0718871057854,1
"438",18.3808740329568,91.8958935188072,1
"1297",18.5859419745828,115.118274655526,2
"63",9.32259051438978,78.8286434136135,1
"347",19.6241465317272,78.7801581206434,1
"840",20.5936717149935,80.785086175408,1
"829",9.40819958311161,68.2154693645878,1
"586",12.8179141818402,78.3096795966788,1
"4",15.8355300521799,80.4436561070274,1
"572",9.8004023013463,64.3814357910948,1
"1917",20.2833532047585,112.668410007828,2
"167",17.1188763101433,86.9085703351221,1
"344",18.0489855773127,79.075959926004,1
"1304",17.9655490143413,113.609995360842,2
"246",22.709982778415,99.9085918920523,1
"619",4.94231755047432,69.9319952505349,1
"222",21.7408618202896,84.2001663033051,1
"1197",10.6031834463672,109.828538565714,2
"1825",22.329796170891,119.20528045892,2
"1001",12.8396413362884,104.692477128249,2
"1984",13.4457737431434,104.194767317733,2
"1080",9.78719929462031,102.844373097592,2
"837",12.4149463131738,59.2601141327153,1
"1802",8.02659022637202,99.8124928867911,2
"1222",17.2337549383131,120.307862321532,2
"828",-0.682601677857519,64.9867132794676,1
"903",16.689586182781,82.8808921295219,1
"141",19.9512474493729,86.2166673967368,1
"13",21.3933456834784,81.641818151252,1
"1033",20.2059503113615,114.63721290065,2
"563",9.14800396925973,69.3911639783356,1
"1543",7.63941708314486,91.4560744762536,2
"1674",6.42090568385486,101.633398623635,2
"342",14.9052335552452,92.1669981913057,1
"1387",20.2393829842275,122.124782066197,2
"1970",18.0005444491906,106.751602479201,2
"1153",19.0413103103167,113.894654808668,2
"1365",11.0833568106645,99.2652598126708,2
"1056",17.6537353845991,113.616671839922,2
"1722",21.3335802703876,114.107626801816,2
"1224",2.48211325205185,87.6656086229638,2
"604",9.12024319145098,63.9924250936885,1
"39",13.1986605425452,77.0984493540351,1
"433",14.8943906076988,83.8472721076691,1
"1342",9.78374019644087,106.02050814161,2
"747",33.5270657922315,104.092310415416,1
"1019",10.0670051517688,103.74379787228,2
"1599",6.54085116630428,96.3253249390536,2
"636",6.16067139603237,60.1829348241576,1
"591",7.7760942665546,48.3668178676341,1
"1152",25.5087474643093,125.020066688148,2
"1328",14.798853196818,105.431138236785,2
"1170",17.7854687384431,107.4851973819,2
"447",23.430558827195,81.0322319261446,1
"188",16.5253960159231,80.2542220481771,1
"231",28.2760881933116,97.5984587944409,1
"1444",8.9268883424583,103.683620052144,2
"622",5.09908141615204,89.3214220233204,1
"1326",8.01702053208081,100.355970571678,2
"1694",11.5781204345705,103.025845663904,2
"1370",15.1568473206231,106.844702663309,2
"1641",10.0253024777063,96.7555527455107,2
"1725",5.45284774736167,99.4722025992249,2
"1136",17.1826457179137,106.714666448275,2
"114",17.9299234861078,77.7299706835952,1
"1026",12.3323340825697,101.023203577833,2
"1092",16.7371694138628,111.288716200496,2
"436",8.04114319770353,70.1119022871818,1
"1549",14.2182958994733,116.658370250952,2
"383",14.3620144084088,82.5489705017476,1
"799",14.6321182163288,83.1168402714341,1
"633",22.3475460123595,82.8050264829205,1
"1135",5.03042836586552,83.6468383007338,2
"1441",11.5465891670474,101.930485241645,2
"593",21.0072608462694,87.4045729779299,1
"1573",9.93768613613884,104.86288336627,2
"1837",22.6956016153475,129.054557830063,2
"216",20.9029897987164,98.0119321005929,1
"170",11.7249679422248,86.4143213630842,1
"1202",12.2044195837007,105.637878064801,2
"1587",10.333870004681,96.693800671042,2
"1187",15.5455490413658,99.0124660462254,2
"1432",23.9527198048096,139.765872449386,2
"284",21.7422821423015,73.0353401872011,1
"1534",9.61719710021313,88.2964738085558,2
"528",20.5078895194126,78.8096593061254,1
"121",17.8808120462304,79.9446086569994,1
"245",16.3537161934333,77.0133366281389,1
"338",19.022164370619,75.310692310366,1
"1292",18.893819570205,107.968645301831,2
"1214",17.4087543603445,131.389012326799,2
"135",7.80617698059991,57.9088491115093,1
"1103",14.6823159438635,120.200555185745,2
"625",11.5873195074584,70.7682447422218,1
"1163",7.99834072646518,100.306752321414,2
"835",14.1374174588276,78.0387158765091,1
"1272",15.8016471324494,109.07328003113,2
"1099",14.5991387731091,119.578948325118,2
"28",10.827904481439,84.1705868023342,1
"691",11.413718541586,80.7641192370253,1
"517",15.2776718981254,78.1861696025766,1
"288",27.8486050341736,93.8544395361245,1
"1604",21.4082391065108,117.722359553523,2
"100",10.4663573245782,69.4583089494236,1
"1290",19.0154648365816,116.139601732316,2
"836",13.5801314151506,84.3464779202559,1
"1761",18.9290743708922,99.7452160981981,2
"1772",4.02907256615735,88.666163126302,2
"1965",6.77023762495773,96.3054854554309,2
"677",6.0243834097959,70.65454966214,1
"277",15.7468223278263,81.8088078254714,1
"336",10.7686722272977,56.3363122753491,1
"1492",17.4875003886759,110.116986853478,2
"310",25.7111505647456,100.0107156829,1
"1415",4.91359462315757,89.9670627992633,2
"1469",18.4439013426392,118.623873125342,2
"1602",5.94825182496868,103.214744179391,2
"1991",30.4198895276351,120.431099688592,2
"885",16.065698845033,86.2683558702532,1
"1894",7.65495131106273,102.294468808451,2
"1008",12.2657883345642,103.330899789499,2
"774",4.79869714012658,65.0202690205168,1
"919",18.8242466103627,83.1683441569621,1
"702",8.5557150190334,63.9865951494017,1
"367",12.3964373617853,86.1712376149696,1
"1005",6.7750707375374,116.601918750252,2
"1883",17.4944554698719,116.518906056066,2
"1636",24.2589258645812,125.91433328323,2
"590",5.72953160278664,68.3283278317573,1
"1744",26.7460664462549,119.163835086844,2
"499",13.0828802050755,85.6263148498651,1
"413",22.5463165452984,84.2147323301642,1
"555",20.4671554935958,97.944722427958,1
"1167",19.7571247911648,108.879604038504,2
"286",15.9595008018646,81.1799639023542,1
"1110",15.3731308583856,114.314758209981,2
"1928",14.734249920734,114.501982223467,2
"1649",14.9063463290319,110.756935862912,2
"1035",7.75494233084853,102.406394429519,2
"873",8.50291287462796,69.5851718180138,1
"1594",21.8884632996466,115.182744743192,2
"321",18.3009266747105,81.2331429144668,1
"1213",10.1262943387666,105.274121764457,2
"1614",14.2285128331283,99.2025858710188,2
"297",23.6698798757756,98.9462298497947,1
"710",14.4415696808389,89.7502815495697,1
"84",24.3380826366314,83.1436020956183,1
"22",14.4273870784753,77.5525110627035,1
"614",16.9649387258849,78.7462173281799,1
"1634",9.3559297930591,107.252190147619,2
"1023",19.8936358412222,133.388549422323,2
"159",24.3054498059446,87.3631668264365,1
"877",10.7023321309757,92.3771007341019,1
"1856",24.5987738608469,129.29520718619,2
"979",15.6528276590621,75.5729701120542,1
"1204",14.7353720952527,121.29123406509,2
"958",15.3058046784715,83.7586315614063,1
"279",17.6350333547737,83.9993241778673,1
"815",18.7825231256543,81.4737214031332,1
"1905",16.5350335387849,107.530696701381,2
"1795",20.5678847040276,112.235320133401,2
"1243",15.3238582159691,112.424650878844,2
"180",15.3260531342603,74.0344152093,1
"1796",14.8103301129342,102.393553560514,2
"944",11.1525632778252,71.3884364954615,1
"857",2.14615395305832,68.4477515709214,1
"1621",22.5681447272069,120.558976504086,2
"1158",8.23298890586633,98.1489942180804,2
"1400",21.5866930028308,117.499962162112,2
"295",25.2333212174913,99.8230912903641,1
"1291",9.53143555883105,90.9610826491791,2
"1388",11.7638533440013,105.265328502738,2
"785",7.36721374503335,67.4302583226202,1
"1736",13.6481127685626,119.083729995441,2
"744",11.869363734392,90.0698389701655,1
"914",5.97533576448617,62.3412368595376,1
"1455",11.9413854800942,117.769751781326,2
"300",18.374266930968,93.9858373451321,1
"1953",10.4629302037019,105.731547724329,2
"147",10.2957573126534,64.0494990292743,1
"5",24.6468930581533,76.4705886391938,1
"1568",16.4906825529837,123.292250140815,2
"1745",0.794456199777944,88.1855786685738,2
"1698",15.844610849798,112.677479195397,2
"1251",6.58382497274558,98.669283724943,2
"1189",5.43447391164889,107.403127999704,2
"783",14.039758100403,80.5479128972568,1
"9",8.97960617488748,74.5441699609189,1
"1127",13.2577059125064,104.534963484883,2
"917",21.8470175094583,94.600395910929,1
"605",25.1706615790717,84.5427259719178,1
"1881",9.31826140011775,99.48647655175,2
"1578",27.6462574461065,125.117405614474,2
"282",19.357733641929,86.9728605574638,1
"970",11.2650964044351,74.6575291646991,1
"1572",24.5862126664737,115.531121057248,2
"1408",6.67299450917711,90.9494127898537,2
"1038",23.4773542607993,120.563553949319,2
"1501",6.23202903234242,106.116273831455,2
"973",7.91098035470808,64.8590512721395,1
"1752",6.71758021891218,103.167775710362,2
"1411",-1.81389816563455,89.845396826964,2
"1142",5.8665464077693,93.8728197288404,2
"1678",15.0182674350983,104.443009806065,2
"35",16.0273598227357,89.830206248192,1
"694",4.6462827543631,75.5732098914407,1
"1848",7.12976231659514,112.511295810691,2
"1809",13.7156190362228,108.030141313968,2
"373",8.00454041427307,77.8817414782113,1
"1520",18.2846209878005,116.977027208199,2
"461",22.6371660653255,86.9293060088884,1
"381",13.6116954139375,81.1795236985638,1
"652",16.1972201893475,80.713533914581,1
"1108",13.3198567232803,105.589046353911,2
"1032",17.5298806620659,103.491709825152,2
"1332",20.8032305491153,111.071105076708,2
"1442",24.9929391436028,120.001861721929,2
"1959",18.6810695636589,121.124085588052,2
"198",3.31282983096085,70.4459514680624,1
"1834",13.3905416713573,107.985495073687,2
"243",17.853451495567,97.374432195979,1
"592",16.9992853022067,84.8045208323345,1
"1275",23.7351223973842,119.77884066838,2
"1558",16.9703874546689,98.8553628072797,2
"1729",12.3627395773341,102.826008418242,2
"1496",19.6231080763596,116.705356382306,2
"21",9.96454504692645,69.2037787557598,1
"934",18.3232478685177,75.4251693726118,1
"883",11.4183130053434,79.5769765649594,1
"939",21.7906043276014,73.6556825532921,1
"849",22.2972028249777,96.5058035322476,1
"1074",9.21486207315771,105.064610080591,2
"1808",18.3785450994021,118.111214348456,2
"1428",10.5381842299284,103.475736583349,2
"1114",15.4549893030325,113.275386565293,2
"1093",15.6952606612726,96.4397497566098,2
"1373",13.9671043477714,107.883878800921,2
"1381",6.85974368421745,101.298927906202,2
"445",10.4091573574579,74.3064355859166,1
"971",11.2642516033395,82.6908649278699,1
"1386",13.8491949883114,115.606036859428,2
"1357",21.9621482327148,115.653389075501,2
"270",11.5093403015016,82.9952076687271,1
"1793",8.49411336697126,112.743639628321,2
"421",24.8816996212831,97.1940983251774,1
"631",18.8022148765779,69.3927613098093,1
"303",14.1041928561353,68.6217210796545,1
"113",-2.03199980421752,68.6745706760936,1
"248",5.92215028451881,67.6777970609721,1
"268",0.726808670369264,65.4464343134014,1
"337",4.88404145784349,68.1803534220955,1
"1801",14.1969934773214,114.434607361024,2
"1324",18.0360025886697,118.837720807923,2
"1160",16.6640783880131,118.108390796991,2
"810",19.1084858707989,75.8012841991076,1
"562",14.5472772633437,87.5539931241058,1
"124",14.3247417764381,77.1258632577326,1
"1246",-2.60333634656096,93.0042400816023,2
"1474",7.23399344697966,112.621481987807,2
"537",21.7714715880728,91.0980809722153,1
"600",21.8275285419784,99.8445324831269,1
"1223",14.7990311090504,107.303744883901,2
"1057",12.2666341404286,110.573210754808,2
"1336",18.9290166815055,107.302083524051,2
"1715",18.9931789783571,105.072859812694,2
"67",21.1869368971408,82.3516308466331,1
"598",-2.14391787948125,64.6455846017012,1
"31",21.4517913681227,81.9351469774325,1
"1613",18.5896416125199,100.659302940412,2
"1972",17.4722472331803,101.361348376343,2
"1485",14.2214335375098,101.222083682984,2
"1979",15.5914628693757,126.600353348694,2
"820",7.12694943274913,68.9458028919042,1
"1671",19.300886934283,107.759280738233,2
"1759",13.6668510977258,119.843683071038,2
"805",10.8682560596963,85.7017545703581,1
"1298",19.0350989380714,104.403593427422,2
"632",7.03110666001138,60.8211299040588,1
"1089",16.3887602871442,98.1634725997337,2
"661",15.9403451582704,90.4082630859095,1
"434",8.32985013931564,70.8643305283887,1
"1240",10.5093041748371,99.1487801726803,2
"956",7.66729390565448,63.4334382472842,1
"146",14.835925117947,73.3802227338351,1
"1061",21.3377503683704,120.668948632954,2
"797",16.6133296705809,84.0432613718069,1
"871",4.92057086452909,71.0014402417207,1
"459",13.5295244129039,83.7006374165882,1
"1903",17.4481683597057,122.638589291107,2
"1028",22.2965474511509,105.215641702582,2
"264",22.9334171131656,92.181154461678,1
"935",12.6979239338586,81.0924783258259,1
"316",17.1546202801488,87.7353549056538,1
"1300",16.1331367206766,110.302732455274,2
"218",16.4332501131286,70.0975764417415,1
"780",14.0600411603641,76.977192723748,1
"912",12.4273873929052,66.4016260724533,1
"390",20.9961664513651,81.1636968603309,1
"353",15.5351256792455,74.3152707807487,1
"152",22.4114466934474,85.7497596008813,1
"1533",8.36376728703052,105.815436639062,2
"88",14.0571061174565,86.0027982834437,1
"739",15.380664500644,78.8453830740451,1
"255",18.8597622917505,98.1302224041364,1
"1733",19.1587037109431,116.305116926029,2
"1133",16.0585750989267,101.622092005529,2
"967",2.20129200280437,63.4956570277887,1
"1288",8.53406346581404,119.60047107767,2
"1031",11.9322098539742,97.8298866417198,2
"61",11.7827257897556,86.5182799891608,1
"362",18.0358123639203,86.6025988626298,1
"244",11.7803938642628,67.35414173714,1
"1541",2.165642458776,86.8792702868027,2
"1904",14.1268745429699,114.319102556235,2
"1007",2.28948068851499,93.973788176554,2
"183",13.3154406939967,76.4839903857512,1
"1185",15.7568036785919,109.610222785028,2
"1312",20.8432112045675,117.994369944584,2
"276",11.8459268450129,76.0461085640568,1
"954",17.0785145070222,81.8393902518942,1
"997",19.7292499338815,90.9941126850349,1
"1974",8.67227373130246,95.5793171758615,2
"1096",9.47284046980859,104.363050002249,2
"272",17.9061834230039,90.6054437324647,1
"538",16.3101677305972,83.8326800937819,1
"476",21.7367197065637,78.3109812277541,1
"645",9.01864215854571,78.2005289222722,1
"1510",18.0389058832876,128.528913635766,2
"162",10.6571226894946,69.0687088698926,1
"930",20.1749527073079,82.6770461739389,1
"984",18.3145606563694,71.6972506554826,1
"1985",18.2698293839882,107.436625547882,2
"923",20.3204200144652,76.6909784762232,1
"1416",8.87997057052785,97.4137866379863,2
"1067",8.90380263298526,111.192120991082,2
"933",12.6108869398012,81.3146984285066,1
"1004",23.8611501952778,120.66164132358,2
"1907",24.73392108196,124.831656991659,2
"1688",12.979969282985,92.8734138453642,2
"1815",16.7921588646911,125.48824762182,2
"1490",7.3349090330061,96.836018777272,2
"790",11.3709001151124,73.6822400385396,1
"281",7.93909534403625,62.7116415586417,1
"1289",15.6622854352757,117.802795803076,2
"473",11.4479124337569,65.1865699533079,1
"1702",14.0872113635164,107.888054309433,2
"1934",13.5331945008726,107.742880066831,2
"1760",7.70937669665815,84.4735326844406,2
"430",8.42259208600856,65.3457187575973,1
"964",10.4719573969667,83.0137763224994,1
"1707",16.9325162256767,114.790173646287,2
"90",27.1882226997882,87.9913443302517,1
"1963",14.8971759861816,113.110738648801,2
"52",15.5177412619846,79.3622474229958,1
"1254",0.635682224960881,92.6344830490487,2
"1987",21.608870417546,105.2880440839,2
"1178",14.609936404848,113.791822105179,2
"1944",17.8664661316241,129.372266509955,2
"634",12.7143533876929,85.1427568932542,1
"561",13.0302877456537,70.519198412796,1
"1756",13.844613710052,111.970569007719,2
"53",13.1197037831265,80.4646693950242,1
"1502",22.9670601858714,112.992149733252,2
"701",11.8497024385278,72.485510815723,1
"1453",12.288386533908,110.68827474069,2
"72",4.17097833726353,56.6209790230993,1
"695",8.39089716685058,63.9821419016866,1
"1101",10.1016694777149,110.092806423733,2
"1942",10.6419764075229,111.498719456478,2
"644",13.2090216043651,88.914416538929,1
"97",24.9523081422995,102.308923001857,1
"308",15.7370010132533,82.2837755313826,1
"506",7.01739694821415,83.0700460935024,1
"1867",16.67506096005,108.135483636543,2
"1042",16.9631624827529,117.195985565474,2
"1498",16.472123315484,106.556808396303,2
"1414",24.9737416703097,123.130733897716,2
"474",14.2506027186479,77.377045944051,1
"1348",13.3767601098943,107.738303202347,2
"1820",23.1589865268685,118.240605236679,2
"1691",23.3873238862504,124.945641507267,2
"1755",14.4162934162324,108.742355210702,2
"1036",13.6469144360388,112.329182563092,2
"241",13.4089645434038,70.887876308577,1
"1651",15.2069951761914,116.238484652775,2
"1767",18.3193398326776,112.464151552974,2
"789",8.92233045949246,59.4204312318367,1
"1522",24.1532636108072,130.144986900619,2
"467",19.1646591621192,87.1318325563538,1
"15",12.8214778527026,74.1432929205966,1
"1407",7.82814995609252,90.384597735296,2
"1829",13.9574207840786,114.092204204602,2
"708",5.40976511673531,73.708490343876,1
"953",17.0193818213703,80.8921645239244,1
"1969",4.56513231255031,112.48107853056,2
"1228",13.8469161343296,103.119941357044,2
"940",28.4488114735713,90.0876974081968,1
"1456",18.2955765134584,107.612831546457,2
"1861",14.849664896223,109.343084409547,2
"298",10.9617145692834,65.0936289499441,1
"658",17.708891686969,85.3535432698067,1
"371",29.4314494407118,102.810558318213,1
"1054",28.2210377213106,122.253177095855,2
"496",7.10729761399989,67.0657824546655,1
"199",14.6244297157243,72.4793971418667,1
"318",14.3745470293604,64.4326941076204,1
"443",20.7033030744592,85.2850370471084,1
"1443",12.8346629824436,108.771219225866,2
"1174",3.05237200494051,97.5736918811879,2
"1139",19.4879793444492,112.467660209332,2
"32",12.3933440026756,77.6670432125998,1
"560",9.84269558084637,74.8058719742271,1
"1723",6.99910077703229,99.2256442982651,2
"426",7.07376817928198,78.5523152571916,1
"1891",10.6154355020901,109.759531356385,2
"558",16.1437900985354,72.7305758223385,1
"1689",4.03644288221565,91.1450768080574,2
"685",12.3695294455937,68.2468634584864,1
"1762",10.4128970024195,109.497052117546,2
"1954",25.2667081836771,120.816310349198,2
"1790",12.9666580137125,111.867572122152,2
"832",13.0296430719131,73.5077058523111,1
"1299",10.4443162726427,104.247374837486,2
"1630",15.7511457422328,103.976267352716,2
"627",14.3186571095929,82.5198902580671,1
"1841",6.27276203205293,98.6844494766915,2
"1338",16.6123745806205,108.717384620344,2
"1009",23.6091221974834,131.24238097726,2
"608",4.09689182237258,67.9953280801411,1
"1838",20.1283502412191,110.503209141446,2
"1132",11.2791638622455,106.642701475549,2
"583",13.8061637742124,65.7108477091225,1
"1472",13.3102343020578,107.362522699878,2
"982",4.07611625064789,71.6377998860799,1
"1051",16.6161432130678,106.609900657487,2
"1822",8.24874365890293,96.1077243300551,2
"1137",16.4972505911519,109.681485529603,2
"1550",10.7718482765,86.0090336845577,2
"962",20.0124056185504,106.371328787968,1
"1672",8.53942751291224,98.3064914625191,2
"265",26.793886494955,102.6593577007,1
"1296",12.6248738665537,113.082796247562,2
"1195",16.9057202337069,111.627953597514,2
"522",15.4277443015852,78.4030441763737,1
"821",12.9049767022182,65.5939460743482,1
"1847",12.274229844632,116.77933756454,2
"460",11.9672167718965,77.8940090267111,1
"458",7.63412433860707,77.8146591502379,1
"237",15.1307387087212,77.618911966362,1
"1131",16.757146594473,104.768693591466,2
"1070",11.3218969945901,104.368702985301,2
"718",16.9769408446419,75.3116477451939,1
"225",14.4626253480219,75.6930694805837,1
"891",14.327880018394,67.8454207156476,1
"343",25.8307184296247,95.3160424340099,1
"139",19.4798780865469,101.722468153452,1
"1260",17.1244136621616,112.860854207749,2
"847",12.9773097267458,72.9515418452976,1
"1112",17.0451539479707,99.2249511171973,2
"647",17.2510816764465,68.2986056670128,1
"257",24.5683364275026,88.5342356308295,1
"176",6.53604556272654,70.682717784175,1
"432",22.5629572619556,80.7335173037475,1
"350",12.9849148962296,78.8054667040388,1
"58",17.8809268330708,85.8443109202274,1
"1489",8.34855446939999,104.810991659375,2
"623",16.8576990072779,89.6998482086166,1
"824",22.1633804635424,86.1450050494022,1
"1331",19.9598827145789,122.384192678786,2
"1393",13.1549561178292,120.220719518921,2
"1925",17.5457254578405,119.550054985617,2
"1166",16.6255503024724,104.589475223393,2
"1015",14.3751525330931,106.822411051383,2
"986",13.0963029908863,71.296989283802,1
"330",21.1134822809231,76.8202681484407,1
"1230",5.27011312074448,103.017542486537,2
"1308",21.4530135366729,125.209782608609,2
"1713",12.3716059491145,101.544174971063,2
"1538",11.0327034738826,105.948288512944,2
"480",14.200255584479,77.5514006516914,1
"1043",4.10409716616149,94.9407277243812,2
"880",12.0035994024756,79.9374888621077,1
"173",18.1877934755507,77.8635316769625,1
"1115",20.0538064036845,124.437854254814,2
"568",17.2465510760089,86.2106231408489,1
"777",13.0774334061308,80.9776232445542,1
"151",19.34086904541,87.6292998449528,1
"250",16.1900826476342,85.496493146883,1
"1242",18.1750372685332,108.933151155854,2
"1684",12.2987943954423,96.6418946690607,2
"983",15.5111860567524,75.8670522271206,1
"324",6.54771034722133,92.8724742763506,1
"1383",-0.513320536133975,82.3133230802913,2
"1422",16.8657792424378,101.034930054523,2
"144",6.69781591634078,65.3065563423276,1
"1073",13.9079296265709,100.470420702986,2
"1571",18.4889956234117,112.915700450712,2
"1280",17.6712429526543,105.952387013575,2
"1000",15.3099783683299,76.6857758570992,1
"1140",5.55214539861419,90.2037283832078,2
"1839",26.3428952107669,134.170540445094,2
"1021",13.1310353072397,112.642773005113,2
"17",16.8163938114898,85.3178458244025,1
"870",18.9775808282553,98.9197516036194,1
"448",26.651712525783,84.9240309876929,1
"1664",13.3411469471417,110.411698442313,2
"99",12.0582990816366,78.5964613938957,1
"1486",23.9101050062528,130.603998724144,2
"184",12.0966673488592,70.6187403467574,1
"1430",17.2449704320516,116.833231154893,2
"549",33.2120204041783,100.957230015592,1
"1667",16.5765030255952,114.804033973443,2
"1086",-1.04282471016365,89.2648292680234,2
"1210",16.5816118474301,117.029223074292,2
"435",24.5820760259948,75.1151543667028,1
"1780",9.61855664025728,105.912283165851,2
"688",26.2040977268619,80.1138770709764,1
"1350",6.98765681083364,101.031026937123,2
"1766",23.2010441669789,110.150508522669,2
"674",14.4553227915636,73.3398570031942,1
"388",8.63558253793239,69.0588632611133,1
"1523",14.4762037260051,102.113041730516,2
"424",19.3348875067903,93.7541314367745,1
"1615",18.8909316545796,110.933636347305,2
"209",25.3993560913119,95.2923544416858,1
"1579",16.9699783050887,118.931424851173,2
"1947",11.4029053835434,117.925078268223,2
"597",15.4872126236754,78.1328288017297,1
"992",6.09831294655396,71.1922804027371,1
"1279",21.5636843879927,111.414816072201,2
"743",28.0126031535467,103.142275824463,1
"1927",7.21379038540256,103.067391157002,2
"1983",23.9753552760304,137.766818995831,2
"412",14.3725881292155,83.7196659789524,1
"327",10.372908201794,81.7079066894781,1
"293",21.1549484511928,91.175472639351,1
"888",17.3023874630846,71.1302491233521,1
"1709",10.362594041326,99.564661799333,2
"900",13.6978456462238,83.7737367419277,1
"751",25.5537733239508,93.788650784282,1
"453",14.2991313500616,85.8746279582853,1
"1126",19.7593308293989,123.473025721375,2
"1719",21.2765759374518,125.286289355921,2
"998",6.92249001191411,67.252858549641,1
"872",9.91047939025219,84.5383956844235,1
"763",18.3932675765351,85.9738290587412,1
"683",12.3681494419128,72.2186033243464,1
"782",21.5262064140815,87.9341130000743,1
"1686",2.64974708417387,89.0423252212085,2
"1792",18.3930360558531,108.838516078353,2
"1349",6.0670371893183,101.050127674158,2
"1779",16.5472178902169,110.053503449273,2
"1990",14.3953297643807,112.749467506311,2
"955",12.019239835168,86.0878249873238,1
"1287",12.4583347065808,120.056738848779,2
"1937",13.2630524728629,117.365188229513,2
"916",16.4647110974234,93.070898298532,1
"1144",15.4999046128496,100.085429151332,2
"670",14.6694450025016,92.9460309978134,1
"132",17.711428630178,84.2532869973313,1
"749",22.8079877466663,105.824202215975,1
"1194",14.9796001740319,114.959999522209,2
"1552",15.6549213540282,117.59393136043,2
"1524",15.4462539880268,121.968215966737,2
"1159",16.0427539849566,105.41209243829,2
"1188",26.7522220995336,116.440536952904,2
"714",11.8923095655921,80.5676203677417,1
"878",31.6003303369286,94.4039961341412,1
"1601",24.2856201024091,125.544148029082,2
"650",21.2255159392961,89.1757197478441,1
"68",13.6683283185878,81.3823558851194,1
"1525",10.7546592812648,94.2396327197032,2
"1022",22.4481691923021,120.034152004528,2
"775",23.6612336831888,78.897527113218,1
"1911",23.0003668237754,119.430195791373,2
"690",3.59572604538133,59.8433005992789,1
"1997",8.19992058808492,108.010677712629,2
"1138",11.1374117672141,98.6798582845799,2
"996",14.2574819345821,79.2606175689306,1
"138",14.3198557017456,89.7126585860137,1
"45",19.7167858942948,92.7373051514028,1
"950",-1.28627882626457,73.3789157193334,1
"1018",9.62954923945436,112.256658397135,2
"193",7.7811716818384,85.0583883607822,1
"1570",13.2938398700957,117.574983500598,2
"1356",19.9996071987765,115.215517434129,2
"227",15.1789928019138,71.002182308256,1
"1285",21.4383376118181,112.315081788937,2
"238",18.6874224085522,83.3200654634683,1
"486",16.5271176660315,89.0229969864015,1
"543",18.9691409182059,86.7723815471913,1
"825",12.5058200365036,77.9525839528599,1
"1168",12.6401446772331,102.788581049425,2
"157",19.125373549068,84.9050982365895,1
"1919",10.0023129468558,96.4790360371133,2
"1916",7.97353760832939,105.35690776098,2
"1045",15.3041129849959,117.100311643568,2
"423",14.6348573570439,81.7913202047625,1
"437",26.3735063771337,82.9175315982222,1
"1271",18.4336275075421,105.925377405418,2
"1359",14.6250492954614,104.858011414007,2
"1418",15.6092265870157,111.88994370295,2
"660",22.4582767820858,77.5336454363276,1
"1186",5.27749923078179,93.9747504616054,2
"1203",16.4430985875952,105.1044556763,2
"1417",14.3540354674008,96.6968800766794,2
"2",17.4482038935512,75.7816490043792,1
"1949",20.9004399691582,123.718162904306,2
"1050",17.4380977386962,96.1306970029072,2
"1286",7.11316176724668,112.082443239788,2
"375",20.9839091210331,83.2426336211319,1
"700",6.47780584115303,64.1688173771052,1
"1902",5.38157535677457,90.5612711695864,2
"1241",10.9229947882141,101.682127657898,2
"1427",20.3764885219784,108.086131604432,2
"471",26.4037390843587,98.8547743357045,1
"904",17.8577956662997,99.17868941128,1
"446",20.0179201722809,79.4031920522469,1
"1845",17.6447549420074,113.060742435642,2
"641",14.9364456497694,69.4946992657263,1
"1640",14.3918386848905,111.569817520059,2
"215",10.2620948631077,69.996100530372,1
"548",16.2017869789966,87.4363029200943,1
"26",5.3305332685818,63.8648945654687,1
"55",9.74035257643679,79.9624385616074,1
"724",10.9506426632448,62.8455112692851,1
"899",17.9383156514836,83.1166245386748,1
"578",14.6505900133704,81.0987688609157,1
"1951",13.6652032224491,113.782504338736,2
"1923",10.6415612334109,109.989340256522,2
"1476",17.9534893637418,114.62758205427,2
"1872",11.9703162987459,101.851242073632,2
"261",9.65347833985633,76.2774630006433,1
"628",3.51291100125688,72.7112415976712,1
"1211",14.1988652468213,111.774270125912,2
"19",17.6818687845567,87.4257890748557,1
"1380",3.0923330980535,98.3423573722593,2
"1068",13.4184076806198,115.567656917121,2
"965",22.53979508204,77.1851103839547,1
"405",17.7246418768173,87.0155334081355,1
"492",26.2784546374118,91.7030280889035,1
"816",20.0886903516852,87.6557093740053,1
"136",23.3855722837673,89.8057362078081,1
"1179",16.3878161280026,123.044510976745,2
"924",16.8414511074952,83.6262108882651,1
"1460",4.72045941888273,95.7448058815598,2
"1391",20.3330805582893,109.999628696315,2
"1340",16.5921759713118,111.466088864747,2
"118",13.2280575878489,72.853496938317,1
"431",11.239345948463,79.6056106123367,1
"994",16.4704261644895,76.5180833565905,1
"317",16.8333592557841,77.6837414835666,1
"1172",11.1954914142424,87.4147149452919,2
"1824",8.13390223346175,99.7096014652635,2
"584",16.0722665203679,85.7262936227896,1
"1295",15.0356817379352,115.701707406789,2
"616",6.95604231418164,51.4345608799422,1
"109",17.6445720127466,73.7808041666827,1
"1982",32.8118622860924,143.690227554125,2
"326",15.6046671307411,88.3149803285373,1
"676",-0.169065552779443,63.3336007163022,1
"851",27.2040392306538,80.572403296943,1
"444",11.9862152206549,79.0874774758566,1
"1612",9.08643903008205,112.635998405147,2
"479",23.4739119937187,80.1775211809523,1
"1216",12.3411603726962,106.692686808466,2
"40",6.5906205202486,79.6936106503906,1
"896",14.3416227445673,71.4957220224295,1
"1361",20.7286929414021,112.047045593028,2
"410",17.1819622049051,81.7039044147067,1
"907",17.5332330335906,89.0791428536149,1
"1377",17.5364217007727,119.239317155692,2
"1515",25.7364824916535,110.456921300742,2
"1807",13.3351842882191,107.353934505873,2
"1975",21.9691410699149,122.920048183314,2
"1146",3.72419353381666,107.802588430268,2
"488",11.9782072290249,74.3601897859899,1
"1083",15.8049682377174,112.728725281645,2
"401",18.4338095348747,77.2329583008519,1
"1276",13.519839986302,105.571807154049,2
"1429",19.4877717285623,91.9289113891934,2
"1466",8.17984087999145,114.816719310288,2
"1843",16.363100895378,112.720116801431,2
"1665",2.16488343514745,94.687329146056,2
"1105",17.6488695368048,114.341109212368,2
"978",19.3095418717712,78.7027462316839,1
"1876",15.7595881280982,118.838863242283,2
"1424",11.4128873114281,109.360308821724,2
"546",13.9920071634056,91.4573502393217,1
"1652",6.08304657127717,101.187167512625,2
"1318",24.0592441470064,116.180446536038,2
"975",24.1483258183534,87.5620367890775,1
"379",19.0853064404823,77.63284740161,1
"1165",16.8400390199864,111.756942007923,2
"1497",22.8604256464768,123.997493946422,2
"1446",20.0756847021551,124.278870399974,2
"1996",25.6012719760138,117.730847670549,2
"675",12.2317172324009,82.6346317787094,1
"1016",15.7532906429322,123.780706523861,2
"96",10.282160846846,74.9411018344876,1
"1855",26.1798563669705,132.159812784565,2
"111",14.1740807189813,73.1729609998098,1
"1141",25.5943531477443,116.395356770804,2
"1750",9.92157377843471,109.7621379522,2
"525",20.8874368013511,90.9318495138219,1
"334",23.738729406233,94.5172981000962,1
"1585",16.5392000406295,114.521003910241,2
"1419",15.0532194838,114.151411857437,2
"1889",22.9299253008926,125.17665270545,2
"735",18.1860502714273,77.5866547297832,1
"407",11.12734017754,77.653714164915,1
"703",22.0778690601133,67.4553326318682,1
"957",16.0892623303351,82.2055585332323,1
"730",19.8074506415885,89.8890894566847,1
"165",15.0971176423306,74.6813555611139,1
"1563",11.6307808337317,112.224841603234,2
"1535",10.1906964957241,115.645192570207,2
"1988",24.0787404744477,114.488749226091,2
"397",9.34123121877618,73.2477671785358,1
"1728",14.0506484138593,107.525010535541,2
"1610",18.1932018153417,109.619940623429,2
"643",10.1407460018777,84.588629936325,1
"720",16.8048914260302,84.1293084273759,1
"1266",18.8172638405445,115.17131129817,2
"1770",25.6388124422054,124.446660870243,2
"1716",19.0012193487681,112.022113789812,2
"925",19.1657705131127,86.1743205755642,1
"1303",12.1061096416919,111.945991259973,2
"10",14.2297167710056,74.781653647155,1
"656",16.084766975027,68.9561180253318,1
"711",24.3471571642405,88.4036595268302,1
"1322",6.45297632340628,89.1476194293054,2
"186",9.85344504690649,80.2631898576623,1
"772",12.935351518806,75.585962214011,1
"1956",21.1927427809574,128.29201805128,2
"87",23.9010874393768,89.0939831684254,1
"1693",9.31218091993416,105.9337924275,2
"1735",17.8067230100573,117.80088761602,2
"557",13.2376141475662,80.2950917299587,1
"865",14.5876930397973,78.1576829463915,1
"508",7.1928705379481,58.0159333560278,1
"767",21.1087262460143,92.8592792529791,1
"1787",17.0873404574833,115.434452393196,2
"742",22.1594825632335,88.6795479555397,1
"386",29.1707588855665,89.8331923645553,1
"1064",18.9214653594339,112.312056923263,2
"211",14.9168058143552,81.5510942063271,1
"928",15.6730952623179,82.1195894967918,1
"116",13.6804357559252,84.5110458657436,1
"603",16.4217518488757,78.8179987706875,1
"698",15.5380495757811,78.4808244989476,1
"483",20.4287280097175,93.8755838069688,1
"612",5.42423383619949,69.7413737346316,1
"864",11.1577961463486,71.1145774930503,1
"77",11.6943806799837,78.1712301963418,1
"112",14.8287182112579,87.7728195712123,1
"715",22.0796016611899,94.4228508166352,1
"1027",19.3593371409479,104.34372551599,2
"71",10.5367130412197,76.1848850588898,1
"1330",18.4348336191053,115.128264662604,2
"716",22.3336030525267,90.2895756365981,1
"1926",6.50845701655605,107.864224514345,2
"1394",15.7007250677872,116.518660241439,2
"500",18.4760323044733,85.1157635875237,1
"161",18.7383199076077,91.2994955492424,1
"75",10.1776093955725,73.8884159157536,1
"1626",18.1574184731899,112.039307635081,2
"278",12.0740513518867,82.5078158422065,1
"14",13.9319408052107,81.9699972334491,1
"220",13.836977557347,64.3910552685134,1
"1776",26.1716351281794,121.720097807097,2
"408",14.1755374505409,89.9978410112398,1
"738",15.3905590266901,78.5694264552842,1
"1654",23.2211711944903,124.462689246704,2
"599",29.1182540370253,87.3674338166239,1
"1109",15.5874083957801,112.157696095261,2
"1454",12.7489521326544,107.658271283518,2
"1531",6.46743611728031,109.887398955356,2
"1255",19.548407718861,117.465879407799,2
"569",14.2548969342233,76.5864346435654,1
"567",14.5838227978059,86.9566328552466,1
"1935",17.8831788022568,104.640507784023,2
"541",9.65447556022491,79.408562359979,1
"1879",11.7923715818455,105.819457141211,2
"153",14.6670412395851,84.3753131347057,1
"187",23.7270655434281,89.3523885295318,1
"1465",22.9664991093837,110.43632341681,2
"1125",19.2668145736251,120.65566949767,2
"989",10.316721636649,69.1319534259956,1
"684",5.32476114327395,72.5837520480969,1
"686",10.6211790331617,77.1054704978957,1
"1217",12.3964765540178,120.272044988282,2
"1977",17.8773285421834,103.550437734538,2
"574",18.863584843267,81.9803040684078,1
"668",10.5668694685144,80.4098728474294,1
"922",10.0323722841579,79.978238104293,1
"1895",13.8968184027875,113.120557513851,2
"1123",18.0774920785522,118.857584269706,2
"1945",17.1027898367216,113.57322116143,2
"1918",20.6646859155607,106.047170732001,2
"1746",14.9831432943392,101.141749902923,2
"1607",18.2692264485485,115.478849885927,2
"755",12.399472634776,79.0402709610717,1
"626",20.0804262963744,89.1719301017192,1
"352",9.56838063890183,57.7301003703738,1
"673",17.2175382809896,83.8396337791963,1
"378",17.7005955399718,80.3800223347588,1
"1786",29.4786636984325,133.528592607171,2
"1955",12.8554924173988,103.477748797295,2
"1836",14.5919442048292,100.997823013244,2
"359",4.74177982667547,54.3353433366507,1
"291",18.8425250562521,92.7051567843121,1
"256",18.0599468765294,77.2434154061642,1
"1390",15.4444831951905,114.187331909376,2
"1232",6.8054103495402,104.564825205989,2
"1764",14.3523179412247,106.894655769796,2
"477",20.1218507885283,98.8924989450739,1
"1706",13.6946719448525,111.283803757674,2
"1461",12.9284465426167,111.284323582223,2
"1586",17.5624920867508,101.088947898039,2
"1512",19.228686250592,115.500364409968,2
"1106",6.39523171735772,100.131717107284,2
"1924",18.6751497307563,117.263853604406,2
"534",16.7545847248648,80.6780654793934,1
"1048",13.8262434156487,110.362761727928,2
"1788",15.0869608788243,98.537142213679,2
"1014",15.7900191824965,119.073438136186,2
"1943",12.0987327040054,109.855329717547,2
"196",24.9156579318891,99.9265254736659,1
"1184",21.76231603171,120.091175966259,2
"1396",12.8964404298536,95.6819669123635,2
"1397",21.7033504487358,114.414148921827,2
"539",11.0382556986954,74.4316185938967,1
"484",11.4738304008533,83.4199112397218,1
"1480",15.3621860670976,127.107302991615,2
"721",8.61300587001879,70.2574905122896,1
"687",16.6180476390529,76.114102395258,1
"16",23.7343318483747,97.9017733283571,1
"1435",15.8803751761353,108.688090959584,2
"1385",12.4255163641468,105.140007941138,2
"881",17.6994312379076,84.5822995743169,1
"533",7.58167038388342,66.0224386288306,1
"624",10.9397076382699,84.4242957895767,1
"794",20.392189934854,81.3260556102734,1
"340",16.0071372767777,78.1737814655414,1
"404",16.3667764042349,78.9041330682911,1
"654",5.11084074706172,66.9624902055555,1
"1581",25.5016361421542,119.619041253936,2
"712",4.815672492578,82.7613156251053,1
"1343",4.72382479607226,97.1079549803819,2
"1683",15.8122164607205,103.013012080493,2
"1833",10.9822547693788,96.9538636768367,2
"559",17.6603059209119,76.0839605872236,1
"1670",8.81480786286128,88.7989617521402,2
"419",14.5585202836044,87.0006171752205,1
"521",19.6914770278616,89.7098608240568,1
"987",14.1452398715819,79.42035009578,1
"732",24.9617761476293,85.8016222768994,1
"728",19.781888467129,79.8340628874278,1
"1477",12.3346785628362,114.98700268312,2
"41",14.9446312568025,71.2525546836935,1
"356",9.70042160097496,87.0548500595989,1
"807",13.2602510090469,79.9756218265169,1
"946",12.6840209124097,82.5488592851187,1
"400",15.1277663400601,75.4522563610109,1
"1392",12.412880937542,101.601718277901,2
"1250",4.49275053151904,96.0921787592316,2
"1405",17.4875462411152,117.628709710863,2
"817",15.2700970070466,77.4024850649993,1
"1270",22.7269500530168,112.571859427733,2
"1971",23.9845146519739,127.722316550129,2
"296",14.9442046156586,80.8725739692552,1
"601",21.6618131291789,90.0040082922809,1
"621",9.48734921995606,65.0693042181055,1
"1257",6.10978007035579,101.745118575966,2
"1491",33.0013001153284,127.22699409858,2
"482",14.3212489250586,84.3311287910216,1
"47",17.5024522337157,73.5705943266109,1
"1986",11.2641394700953,103.615971511836,2
"1129",17.8934036659328,111.751781894783,2
"663",23.3306944135478,100.383549053908,1
"1201",29.9572546743274,130.825982796218,2
"1118",21.5486100271376,110.673179774271,2
"475",20.1999149833349,74.512846776623,1
"1650",18.5378363818203,114.327019943359,2
"1225",10.2340262692341,101.429876636916,2
"1024",15.2236961167252,111.657353788259,2
"1148",16.5642691813393,113.372612042696,2
"1589",5.02585917584946,109.573051585092,2
"202",24.5627904257636,91.4634584125974,1
"1376",19.5130630259016,113.741703190913,2
"1505",17.5562488998193,118.415679203431,2
"800",22.0305590346899,84.4181823767839,1
"1088",13.1203933813416,109.346972562604,2
"1659",19.8790617516316,112.144622180406,2
"417",12.7228879055526,80.0444365412586,1
"1463",11.7632016960317,96.6907102710636,2
"134",16.2347906122545,74.0012440382136,1
"666",16.7423734228831,79.4658163827106,1
"1468",21.0577135781612,118.645533999501,2
"713",18.4947868837621,76.9466193756577,1
"1938",11.782776908065,98.8165059312332,2
"1588",2.05484531744728,95.6823305735237,2
"845",15.3610115783911,88.0164030280939,1
"158",12.0635005346091,76.8660952686848,1
"1037",20.3860008766638,106.575580676019,2
"1164",16.7473293241675,105.601443766543,2
"1595",23.1497613440291,130.232372912862,2
"726",23.679736862768,78.5164307378855,1
"50",14.3656464450148,79.2861929574448,1
"1081",3.60411613101826,100.323807682506,2
"981",26.2400376566915,103.107164513224,1
"1629",20.74636849847,121.378392420284,2
"1682",13.0386772574789,100.610977625678,2
"819",9.42048075303212,71.3434356929482,1
"886",14.2116177388666,86.2002805274098,1
"1542",16.7985325734143,123.24557556223,2
"1389",14.7130943471934,108.448336869902,2
"771",8.84752809787973,62.2197404579602,1
"49",12.9377925388828,90.9579074254457,1
"842",32.7478610658791,104.422720530601,1
"439",4.90177358958125,57.2934324423325,1
"428",12.0762017931569,81.7053778644867,1
"252",9.85561694438768,75.6543231267055,1
"93",14.2399402129023,83.4229598716414,1
"1319",18.843006817122,118.257757464763,2
"635",8.46250702260769,66.3941251436692,1
"1637",17.6962062159955,122.634768108088,2
"1749",20.9714016411489,127.260269054102,2
"587",19.6102177793816,82.3517024959005,1
"1557",23.8203046480262,127.247170425708,2
"1218",6.5649249440437,99.1698785648899,2
"746",6.59768143850599,56.5671690393236,1
"1353",13.7297870619929,112.271254709166,2
"1313",19.9831748811025,117.163853539487,2
"1171",15.3684701198776,109.208369185687,2
"1814",17.3454735444109,110.532413413134,2
"1420",10.9105202192237,108.136966262232,2
"1710",10.9020498347645,104.464273142583,2
"95",24.3712306879072,92.1754459652178,1
